region,product,release_step,release_date,value
North,Alpha,0,2023-01-15,76.600
North,Alpha,1,2023-02-14,79.100
North,Alpha,2,2023-03-16,81.600
North,Alpha,3,2023-04-15,84.100
North,Alpha,4,2023-05-15,86.600
North,Alpha,5,2023-06-14,80.600
North,Alpha,6,2023-07-14,83.100
North,Alpha,7,2023-08-13,85.600
North,Alpha,8,2023-09-12,88.100
North,Alpha,9,2023-10-12,90.600
North,Alpha,10,2023-11-11,84.600
North,Alpha,11,2023-12-11,87.100
North,Alpha,12,2024-01-10,89.600
North,Alpha,13,2024-02-09,92.100
North,Alpha,14,2024-03-10,94.600
North,Alpha,15,2024-04-09,88.600
North,Alpha,16,2024-05-09,91.100
North,Alpha,17,2024-06-08,93.600
North,Beta,0,2023-01-15,87.000
North,Beta,1,2023-02-14,89.500
North,Beta,2,2023-03-16,92.000
North,Beta,3,2023-04-15,86.000
North,Beta,4,2023-05-15,88.500
North,Beta,5,2023-06-14,91.000
North,Beta,6,2023-07-14,93.500
North,Beta,7,2023-08-13,96.000
North,Beta,8,2023-09-12,90.000
North,Beta,9,2023-10-12,92.500
North,Beta,10,2023-11-11,95.000
North,Beta,11,2023-12-11,97.500
North,Beta,12,2024-01-10,100.000
North,Beta,13,2024-02-09,94.000
North,Beta,14,2024-03-10,96.500
North,Beta,15,2024-04-09,99.000
North,Beta,16,2024-05-09,101.500
North,Beta,17,2024-06-08,104.000
Central,Alpha,0,2023-01-15,89.300
Central,Alpha,1,2023-02-14,91.800
Central,Alpha,2,2023-03-16,94.300
Central,Alpha,3,2023-04-15,96.800
Central,Alpha,4,2023-05-15,90.800
Central,Alpha,5,2023-06-14,93.300
Central,Alpha,6,2023-07-14,95.800
Central,Alpha,7,2023-08-13,98.300
Central,Alpha,8,2023-09-12,100.800
Central,Alpha,9,2023-10-12,94.800
Central,Alpha,10,2023-11-11,97.300
Central,Alpha,11,2023-12-11,99.800
Central,Alpha,12,2024-01-10,102.300
Central,Alpha,13,2024-02-09,104.800
Central,Alpha,14,2024-03-10,98.800
Central,Alpha,15,2024-04-09,101.300
Central,Alpha,16,2024-05-09,103.800
Central,Alpha,17,2024-06-08,106.300
Central,Beta,0,2023-01-15,99.700
Central,Beta,1,2023-02-14,102.200
Central,Beta,2,2023-03-16,96.200
Central,Beta,3,2023-04-15,98.700
Central,Beta,4,2023-05-15,101.200
Central,Beta,5,2023-06-14,103.700
Central,Beta,6,2023-07-14,106.200
Central,Beta,7,2023-08-13,100.200
Central,Beta,8,2023-09-12,102.700
Central,Beta,9,2023-10-12,105.200
Central,Beta,10,2023-11-11,107.700
Central,Beta,11,2023-12-11,110.200
Central,Beta,12,2024-01-10,104.200
Central,Beta,13,2024-02-09,106.700
Central,Beta,14,2024-03-10,109.200
Central,Beta,15,2024-04-09,111.700
Central,Beta,16,2024-05-09,114.200
Central,Beta,17,2024-06-08,108.200
South,Alpha,0,2023-01-15,102.000
South,Alpha,1,2023-02-14,104.500
South,Alpha,2,2023-03-16,107.000
South,Alpha,3,2023-04-15,101.000
South,Alpha,4,2023-05-15,103.500
South,Alpha,5,2023-06-14,106.000
South,Alpha,6,2023-07-14,108.500
South,Alpha,7,2023-08-13,111.000
South,Alpha,8,2023-09-12,105.000
South,Alpha,9,2023-10-12,107.500
South,Alpha,10,2023-11-11,110.000
South,Alpha,11,2023-12-11,112.500
South,Alpha,12,2024-01-10,115.000
South,Alpha,13,2024-02-09,109.000
South,Alpha,14,2024-03-10,111.500
South,Alpha,15,2024-04-09,114.000
South,Alpha,16,2024-05-09,116.500
South,Alpha,17,2024-06-08,119.000
South,Beta,0,2023-01-15,112.400
South,Beta,1,2023-02-14,106.400
South,Beta,2,2023-03-16,108.900
South,Beta,3,2023-04-15,111.400
South,Beta,4,2023-05-15,113.900
South,Beta,5,2023-06-14,116.400
South,Beta,6,2023-07-14,110.400
South,Beta,7,2023-08-13,112.900
South,Beta,8,2023-09-12,115.400
South,Beta,9,2023-10-12,117.900
South,Beta,10,2023-11-11,120.400
South,Beta,11,2023-12-11,114.400
South,Beta,12,2024-01-10,116.900
South,Beta,13,2024-02-09,119.400
South,Beta,14,2024-03-10,121.900
South,Beta,15,2024-04-09,124.400
South,Beta,16,2024-05-09,118.400
South,Beta,17,2024-06-08,120.900
